{
    "general_camera_model": {
        "camera_name": "cam0",
        "model_id": 4,
        "width": 752,
        "height": 480,
        "params": [
            3.6313355285286337,
            2138.7619122017772,
            2131.5886210259278,
            361.19856633263799,
            248.27644773395667,
            1.1757726639872075,
            15.491281051140213,
            -0.00081237172954550494,
            0.00067297684030310243
        ]
    }
}