{
    "general_camera_model": {
        "camera_name": "cam1",
        "model_id": 4,
        "width": 752,
        "height": 480,
        "params": [
            0.81261505894146113,
            834.06249735437791,
            831.40606765916948,
            374.32007355249738,
            254.22391621480082, 
            -0.34247886078397966,
            0.17108792755973357,
            -0.00066653144364906686,
            0.00072311255846767091
        ]
    }
}